"","entity","name","type","primary_key_type","coding_name","concept","description","folder_path","is_multi_select","is_sparse_coding","linkout","longitudinal_axis_type","referenced_entity_field","relationship","title","units","field_mod","field_mod2","instance","field_mod3"
"1","participant","eid","string","global","",NA,NA,"Participant Information","","","",NA,"","","Participant ID","","eid","eid","0","eid"
"2","participant","p31","integer","","data_coding_9",NA,NA,"Population characteristics > Baseline characteristics","","","http://biobank.ctsu.ox.ac.uk/crystal/field.cgi?id=31",NA,"","","Sex","","p31","p31","0","31"
"3","participant","p48_i0","float","","",NA,NA,"Assessment centre > Physical measures > Anthropometry > Body size measures","","","http://biobank.ctsu.ox.ac.uk/crystal/field.cgi?id=48",NA,"","","Waist circumference | Instance 0","cm","p48_i0","p48","0","48"
"4","participant","p49_i0","float","","",NA,NA,"Assessment centre > Physical measures > Anthropometry > Body size measures","","","http://biobank.ctsu.ox.ac.uk/crystal/field.cgi?id=49",NA,"","","Hip circumference | Instance 0","cm","p49_i0","p49","0","49"
"5","participant","p50_i0","float","","",NA,NA,"Assessment centre > Physical measures > Anthropometry > Body size measures","","","http://biobank.ctsu.ox.ac.uk/crystal/field.cgi?id=50",NA,"","","Standing height | Instance 0","cm","p50_i0","p50","0","50"
"6","participant","p1239_i0","integer","","data_coding_100347",NA,NA,"Assessment centre > Touchscreen > Lifestyle and environment > Smoking","","","http://biobank.ctsu.ox.ac.uk/crystal/field.cgi?id=1239",NA,"","","Current tobacco smoking | Instance 0","","p1239_i0","p1239","0","1239"
"7","participant","p1249_i0","integer","","data_coding_100348",NA,NA,"Assessment centre > Touchscreen > Lifestyle and environment > Smoking","","","http://biobank.ctsu.ox.ac.uk/crystal/field.cgi?id=1249",NA,"","","Past tobacco smoking | Instance 0","","p1249_i0","p1249","0","1249"
"8","participant","p2724_i0","integer","","data_coding_100579",NA,NA,"Assessment centre > Touchscreen > Sex-specific factors > Female-specific factors","","","http://biobank.ctsu.ox.ac.uk/crystal/field.cgi?id=2724",NA,"","","Had menopause | Instance 0","","p2724_i0","p2724","0","2724"
"9","participant","p2814_i0","integer","","data_coding_100349",NA,NA,"Assessment centre > Touchscreen > Sex-specific factors > Female-specific factors","","","http://biobank.ctsu.ox.ac.uk/crystal/field.cgi?id=2814",NA,"","","Ever used hormone-replacement therapy (HRT) | Instance 0","","p2814_i0","p2814","0","2814"
"10","participant","p2824_i0","integer","","data_coding_100291",NA,NA,"Assessment centre > Touchscreen > Sex-specific factors > Female-specific factors","","yes","http://biobank.ctsu.ox.ac.uk/crystal/field.cgi?id=2824",NA,"","","Age at hysterectomy | Instance 0","years","p2824_i0","p2824","0","2824"
"11","participant","p2834_i0","integer","","data_coding_100599",NA,NA,"Assessment centre > Touchscreen > Sex-specific factors > Female-specific factors","","","http://biobank.ctsu.ox.ac.uk/crystal/field.cgi?id=2834",NA,"","","Bilateral oophorectomy (both ovaries removed) | Instance 0","","p2834_i0","p2834","0","2834"
"12","participant","p3536_i0","integer","","data_coding_100291",NA,NA,"Assessment centre > Touchscreen > Sex-specific factors > Female-specific factors","","yes","http://biobank.ctsu.ox.ac.uk/crystal/field.cgi?id=3536",NA,"","","Age started hormone-replacement therapy (HRT) | Instance 0","years","p3536_i0","p3536","0","3536"
"13","participant","p3546_i0","integer","","data_coding_100598",NA,NA,"Assessment centre > Touchscreen > Sex-specific factors > Female-specific factors","","yes","http://biobank.ctsu.ox.ac.uk/crystal/field.cgi?id=3546",NA,"","","Age last used hormone-replacement therapy (HRT) | Instance 0","years","p3546_i0","p3546","0","3546"
"14","participant","p3591_i0","integer","","data_coding_100599",NA,NA,"Assessment centre > Touchscreen > Sex-specific factors > Female-specific factors","","","http://biobank.ctsu.ox.ac.uk/crystal/field.cgi?id=3591",NA,"","","Ever had hysterectomy (womb removed) | Instance 0","","p3591_i0","p3591","0","3591"
"15","participant","p3882_i0","integer","","data_coding_100291",NA,NA,"Assessment centre > Touchscreen > Sex-specific factors > Female-specific factors","","yes","http://biobank.ctsu.ox.ac.uk/crystal/field.cgi?id=3882",NA,"","","Age at bilateral oophorectomy (both ovaries removed) | Instance 0","years","p3882_i0","p3882","0","3882"
"16","participant","p23400_i0","float","","",NA,NA,"Biological samples > Blood assays > NMR metabolomics","","","http://biobank.ctsu.ox.ac.uk/crystal/field.cgi?id=23400",NA,"","","Total Cholesterol | Instance 0","mmol/l","p23400_i0","p23400","0","23400"
"17","participant","p23401_i0","float","","",NA,NA,"Biological samples > Blood assays > NMR metabolomics","","","http://biobank.ctsu.ox.ac.uk/crystal/field.cgi?id=23401",NA,"","","Total Cholesterol Minus HDL-C | Instance 0","mmol/l","p23401_i0","p23401","0","23401"
"18","participant","p23402_i0","float","","",NA,NA,"Biological samples > Blood assays > NMR metabolomics","","","http://biobank.ctsu.ox.ac.uk/crystal/field.cgi?id=23402",NA,"","","Remnant Cholesterol (Non-HDL, Non-LDL -Cholesterol) | Instance 0","mmol/l","p23402_i0","p23402","0","23402"
"19","participant","p23403_i0","float","","",NA,NA,"Biological samples > Blood assays > NMR metabolomics","","","http://biobank.ctsu.ox.ac.uk/crystal/field.cgi?id=23403",NA,"","","VLDL Cholesterol | Instance 0","mmol/l","p23403_i0","p23403","0","23403"
"20","participant","p23404_i0","float","","",NA,NA,"Biological samples > Blood assays > NMR metabolomics","","","http://biobank.ctsu.ox.ac.uk/crystal/field.cgi?id=23404",NA,"","","Clinical LDL Cholesterol | Instance 0","mmol/l","p23404_i0","p23404","0","23404"
"21","participant","p23405_i0","float","","",NA,NA,"Biological samples > Blood assays > NMR metabolomics","","","http://biobank.ctsu.ox.ac.uk/crystal/field.cgi?id=23405",NA,"","","LDL Cholesterol | Instance 0","mmol/l","p23405_i0","p23405","0","23405"
"22","participant","p23406_i0","float","","",NA,NA,"Biological samples > Blood assays > NMR metabolomics","","","http://biobank.ctsu.ox.ac.uk/crystal/field.cgi?id=23406",NA,"","","HDL Cholesterol | Instance 0","mmol/l","p23406_i0","p23406","0","23406"
"23","participant","p23407_i0","float","","",NA,NA,"Biological samples > Blood assays > NMR metabolomics","","","http://biobank.ctsu.ox.ac.uk/crystal/field.cgi?id=23407",NA,"","","Total Triglycerides | Instance 0","mmol/l","p23407_i0","p23407","0","23407"
"24","participant","p23408_i0","float","","",NA,NA,"Biological samples > Blood assays > NMR metabolomics","","","http://biobank.ctsu.ox.ac.uk/crystal/field.cgi?id=23408",NA,"","","Triglycerides in VLDL | Instance 0","mmol/l","p23408_i0","p23408","0","23408"
"25","participant","p23409_i0","float","","",NA,NA,"Biological samples > Blood assays > NMR metabolomics","","","http://biobank.ctsu.ox.ac.uk/crystal/field.cgi?id=23409",NA,"","","Triglycerides in LDL | Instance 0","mmol/l","p23409_i0","p23409","0","23409"
"26","participant","p23410_i0","float","","",NA,NA,"Biological samples > Blood assays > NMR metabolomics","","","http://biobank.ctsu.ox.ac.uk/crystal/field.cgi?id=23410",NA,"","","Triglycerides in HDL | Instance 0","mmol/l","p23410_i0","p23410","0","23410"
"27","participant","p23411_i0","float","","",NA,NA,"Biological samples > Blood assays > NMR metabolomics","","","http://biobank.ctsu.ox.ac.uk/crystal/field.cgi?id=23411",NA,"","","Total Phospholipids in Lipoprotein Particles | Instance 0","mmol/l","p23411_i0","p23411","0","23411"
"28","participant","p23412_i0","float","","",NA,NA,"Biological samples > Blood assays > NMR metabolomics","","","http://biobank.ctsu.ox.ac.uk/crystal/field.cgi?id=23412",NA,"","","Phospholipids in VLDL | Instance 0","mmol/l","p23412_i0","p23412","0","23412"
"29","participant","p23413_i0","float","","",NA,NA,"Biological samples > Blood assays > NMR metabolomics","","","http://biobank.ctsu.ox.ac.uk/crystal/field.cgi?id=23413",NA,"","","Phospholipids in LDL | Instance 0","mmol/l","p23413_i0","p23413","0","23413"
"30","participant","p23414_i0","float","","",NA,NA,"Biological samples > Blood assays > NMR metabolomics","","","http://biobank.ctsu.ox.ac.uk/crystal/field.cgi?id=23414",NA,"","","Phospholipids in HDL | Instance 0","mmol/l","p23414_i0","p23414","0","23414"
"31","participant","p23415_i0","float","","",NA,NA,"Biological samples > Blood assays > NMR metabolomics","","","http://biobank.ctsu.ox.ac.uk/crystal/field.cgi?id=23415",NA,"","","Total Esterified Cholesterol | Instance 0","mmol/l","p23415_i0","p23415","0","23415"
"32","participant","p23416_i0","float","","",NA,NA,"Biological samples > Blood assays > NMR metabolomics","","","http://biobank.ctsu.ox.ac.uk/crystal/field.cgi?id=23416",NA,"","","Cholesteryl Esters in VLDL | Instance 0","mmol/l","p23416_i0","p23416","0","23416"
"33","participant","p23417_i0","float","","",NA,NA,"Biological samples > Blood assays > NMR metabolomics","","","http://biobank.ctsu.ox.ac.uk/crystal/field.cgi?id=23417",NA,"","","Cholesteryl Esters in LDL | Instance 0","mmol/l","p23417_i0","p23417","0","23417"
"34","participant","p23418_i0","float","","",NA,NA,"Biological samples > Blood assays > NMR metabolomics","","","http://biobank.ctsu.ox.ac.uk/crystal/field.cgi?id=23418",NA,"","","Cholesteryl Esters in HDL | Instance 0","mmol/l","p23418_i0","p23418","0","23418"
"35","participant","p23419_i0","float","","",NA,NA,"Biological samples > Blood assays > NMR metabolomics","","","http://biobank.ctsu.ox.ac.uk/crystal/field.cgi?id=23419",NA,"","","Total Free Cholesterol | Instance 0","mmol/l","p23419_i0","p23419","0","23419"
"36","participant","p23420_i0","float","","",NA,NA,"Biological samples > Blood assays > NMR metabolomics","","","http://biobank.ctsu.ox.ac.uk/crystal/field.cgi?id=23420",NA,"","","Free Cholesterol in VLDL | Instance 0","mmol/l","p23420_i0","p23420","0","23420"
"37","participant","p23421_i0","float","","",NA,NA,"Biological samples > Blood assays > NMR metabolomics","","","http://biobank.ctsu.ox.ac.uk/crystal/field.cgi?id=23421",NA,"","","Free Cholesterol in LDL | Instance 0","mmol/l","p23421_i0","p23421","0","23421"
"38","participant","p23422_i0","float","","",NA,NA,"Biological samples > Blood assays > NMR metabolomics","","","http://biobank.ctsu.ox.ac.uk/crystal/field.cgi?id=23422",NA,"","","Free Cholesterol in HDL | Instance 0","mmol/l","p23422_i0","p23422","0","23422"
"39","participant","p23423_i0","float","","",NA,NA,"Biological samples > Blood assays > NMR metabolomics","","","http://biobank.ctsu.ox.ac.uk/crystal/field.cgi?id=23423",NA,"","","Total Lipids in Lipoprotein Particles | Instance 0","mmol/l","p23423_i0","p23423","0","23423"
"40","participant","p23424_i0","float","","",NA,NA,"Biological samples > Blood assays > NMR metabolomics","","","http://biobank.ctsu.ox.ac.uk/crystal/field.cgi?id=23424",NA,"","","Total Lipids in VLDL | Instance 0","mmol/l","p23424_i0","p23424","0","23424"
"41","participant","p23425_i0","float","","",NA,NA,"Biological samples > Blood assays > NMR metabolomics","","","http://biobank.ctsu.ox.ac.uk/crystal/field.cgi?id=23425",NA,"","","Total Lipids in LDL | Instance 0","mmol/l","p23425_i0","p23425","0","23425"
"42","participant","p23426_i0","float","","",NA,NA,"Biological samples > Blood assays > NMR metabolomics","","","http://biobank.ctsu.ox.ac.uk/crystal/field.cgi?id=23426",NA,"","","Total Lipids in HDL | Instance 0","mmol/l","p23426_i0","p23426","0","23426"
"43","participant","p23427_i0","float","","",NA,NA,"Biological samples > Blood assays > NMR metabolomics","","","http://biobank.ctsu.ox.ac.uk/crystal/field.cgi?id=23427",NA,"","","Total Concentration of Lipoprotein Particles | Instance 0","mmol/l","p23427_i0","p23427","0","23427"
"44","participant","p23428_i0","float","","",NA,NA,"Biological samples > Blood assays > NMR metabolomics","","","http://biobank.ctsu.ox.ac.uk/crystal/field.cgi?id=23428",NA,"","","Concentration of VLDL Particles | Instance 0","mmol/l","p23428_i0","p23428","0","23428"
"45","participant","p23429_i0","float","","",NA,NA,"Biological samples > Blood assays > NMR metabolomics","","","http://biobank.ctsu.ox.ac.uk/crystal/field.cgi?id=23429",NA,"","","Concentration of LDL Particles | Instance 0","mmol/l","p23429_i0","p23429","0","23429"
"46","participant","p23430_i0","float","","",NA,NA,"Biological samples > Blood assays > NMR metabolomics","","","http://biobank.ctsu.ox.ac.uk/crystal/field.cgi?id=23430",NA,"","","Concentration of HDL Particles | Instance 0","mmol/l","p23430_i0","p23430","0","23430"
"47","participant","p23431_i0","float","","",NA,NA,"Biological samples > Blood assays > NMR metabolomics","","","http://biobank.ctsu.ox.ac.uk/crystal/field.cgi?id=23431",NA,"","","Average Diameter for VLDL Particles | Instance 0","nm","p23431_i0","p23431","0","23431"
"48","participant","p23432_i0","float","","",NA,NA,"Biological samples > Blood assays > NMR metabolomics","","","http://biobank.ctsu.ox.ac.uk/crystal/field.cgi?id=23432",NA,"","","Average Diameter for LDL Particles | Instance 0","nm","p23432_i0","p23432","0","23432"
"49","participant","p23433_i0","float","","",NA,NA,"Biological samples > Blood assays > NMR metabolomics","","","http://biobank.ctsu.ox.ac.uk/crystal/field.cgi?id=23433",NA,"","","Average Diameter for HDL Particles | Instance 0","nm","p23433_i0","p23433","0","23433"
"50","participant","p23434_i0","float","","",NA,NA,"Biological samples > Blood assays > NMR metabolomics","","","http://biobank.ctsu.ox.ac.uk/crystal/field.cgi?id=23434",NA,"","","Phosphoglycerides | Instance 0","mmol/l","p23434_i0","p23434","0","23434"
"51","participant","p23435_i0","float","","",NA,NA,"Biological samples > Blood assays > NMR metabolomics","","","http://biobank.ctsu.ox.ac.uk/crystal/field.cgi?id=23435",NA,"","","Triglycerides to Phosphoglycerides ratio | Instance 0","ratio","p23435_i0","p23435","0","23435"
"52","participant","p23436_i0","float","","",NA,NA,"Biological samples > Blood assays > NMR metabolomics","","","http://biobank.ctsu.ox.ac.uk/crystal/field.cgi?id=23436",NA,"","","Total Cholines | Instance 0","mmol/l","p23436_i0","p23436","0","23436"
"53","participant","p23437_i0","float","","",NA,NA,"Biological samples > Blood assays > NMR metabolomics","","","http://biobank.ctsu.ox.ac.uk/crystal/field.cgi?id=23437",NA,"","","Phosphatidylcholines | Instance 0","mmol/l","p23437_i0","p23437","0","23437"
"54","participant","p23438_i0","float","","",NA,NA,"Biological samples > Blood assays > NMR metabolomics","","","http://biobank.ctsu.ox.ac.uk/crystal/field.cgi?id=23438",NA,"","","Sphingomyelins | Instance 0","mmol/l","p23438_i0","p23438","0","23438"
"55","participant","p23439_i0","float","","",NA,NA,"Biological samples > Blood assays > NMR metabolomics","","","http://biobank.ctsu.ox.ac.uk/crystal/field.cgi?id=23439",NA,"","","Apolipoprotein B | Instance 0","g/l","p23439_i0","p23439","0","23439"
"56","participant","p23440_i0","float","","",NA,NA,"Biological samples > Blood assays > NMR metabolomics","","","http://biobank.ctsu.ox.ac.uk/crystal/field.cgi?id=23440",NA,"","","Apolipoprotein A1 | Instance 0","g/l","p23440_i0","p23440","0","23440"
"57","participant","p23441_i0","float","","",NA,NA,"Biological samples > Blood assays > NMR metabolomics","","","http://biobank.ctsu.ox.ac.uk/crystal/field.cgi?id=23441",NA,"","","Apolipoprotein B to Apolipoprotein A1 ratio | Instance 0","ratio","p23441_i0","p23441","0","23441"
"58","participant","p23442_i0","float","","",NA,NA,"Biological samples > Blood assays > NMR metabolomics","","","http://biobank.ctsu.ox.ac.uk/crystal/field.cgi?id=23442",NA,"","","Total Fatty Acids | Instance 0","mmol/l","p23442_i0","p23442","0","23442"
"59","participant","p23443_i0","float","","",NA,NA,"Biological samples > Blood assays > NMR metabolomics","","","http://biobank.ctsu.ox.ac.uk/crystal/field.cgi?id=23443",NA,"","","Degree of Unsaturation | Instance 0","degree","p23443_i0","p23443","0","23443"
"60","participant","p23444_i0","float","","",NA,NA,"Biological samples > Blood assays > NMR metabolomics","","","http://biobank.ctsu.ox.ac.uk/crystal/field.cgi?id=23444",NA,"","","Omega-3 Fatty Acids | Instance 0","mmol/l","p23444_i0","p23444","0","23444"
"61","participant","p23445_i0","float","","",NA,NA,"Biological samples > Blood assays > NMR metabolomics","","","http://biobank.ctsu.ox.ac.uk/crystal/field.cgi?id=23445",NA,"","","Omega-6 Fatty Acids | Instance 0","mmol/l","p23445_i0","p23445","0","23445"
"62","participant","p23446_i0","float","","",NA,NA,"Biological samples > Blood assays > NMR metabolomics","","","http://biobank.ctsu.ox.ac.uk/crystal/field.cgi?id=23446",NA,"","","Polyunsaturated Fatty Acids | Instance 0","mmol/l","p23446_i0","p23446","0","23446"
"63","participant","p23447_i0","float","","",NA,NA,"Biological samples > Blood assays > NMR metabolomics","","","http://biobank.ctsu.ox.ac.uk/crystal/field.cgi?id=23447",NA,"","","Monounsaturated Fatty Acids | Instance 0","mmol/l","p23447_i0","p23447","0","23447"
"64","participant","p23448_i0","float","","",NA,NA,"Biological samples > Blood assays > NMR metabolomics","","","http://biobank.ctsu.ox.ac.uk/crystal/field.cgi?id=23448",NA,"","","Saturated Fatty Acids | Instance 0","mmol/l","p23448_i0","p23448","0","23448"
"65","participant","p23449_i0","float","","",NA,NA,"Biological samples > Blood assays > NMR metabolomics","","","http://biobank.ctsu.ox.ac.uk/crystal/field.cgi?id=23449",NA,"","","Linoleic Acid | Instance 0","mmol/l","p23449_i0","p23449","0","23449"
"66","participant","p23450_i0","float","","",NA,NA,"Biological samples > Blood assays > NMR metabolomics","","","http://biobank.ctsu.ox.ac.uk/crystal/field.cgi?id=23450",NA,"","","Docosahexaenoic Acid | Instance 0","mmol/l","p23450_i0","p23450","0","23450"
"67","participant","p23451_i0","float","","",NA,NA,"Biological samples > Blood assays > NMR metabolomics","","","http://biobank.ctsu.ox.ac.uk/crystal/field.cgi?id=23451",NA,"","","Omega-3 Fatty Acids to Total Fatty Acids percentage | Instance 0","percent","p23451_i0","p23451","0","23451"
"68","participant","p23452_i0","float","","",NA,NA,"Biological samples > Blood assays > NMR metabolomics","","","http://biobank.ctsu.ox.ac.uk/crystal/field.cgi?id=23452",NA,"","","Omega-6 Fatty Acids to Total Fatty Acids percentage | Instance 0","percent","p23452_i0","p23452","0","23452"
"69","participant","p23453_i0","float","","",NA,NA,"Biological samples > Blood assays > NMR metabolomics","","","http://biobank.ctsu.ox.ac.uk/crystal/field.cgi?id=23453",NA,"","","Polyunsaturated Fatty Acids to Total Fatty Acids percentage | Instance 0","percent","p23453_i0","p23453","0","23453"
"70","participant","p23454_i0","float","","",NA,NA,"Biological samples > Blood assays > NMR metabolomics","","","http://biobank.ctsu.ox.ac.uk/crystal/field.cgi?id=23454",NA,"","","Monounsaturated Fatty Acids to Total Fatty Acids percentage | Instance 0","percent","p23454_i0","p23454","0","23454"
"71","participant","p23455_i0","float","","",NA,NA,"Biological samples > Blood assays > NMR metabolomics","","","http://biobank.ctsu.ox.ac.uk/crystal/field.cgi?id=23455",NA,"","","Saturated Fatty Acids to Total Fatty Acids percentage | Instance 0","percent","p23455_i0","p23455","0","23455"
"72","participant","p23456_i0","float","","",NA,NA,"Biological samples > Blood assays > NMR metabolomics","","","http://biobank.ctsu.ox.ac.uk/crystal/field.cgi?id=23456",NA,"","","Linoleic Acid to Total Fatty Acids percentage | Instance 0","percent","p23456_i0","p23456","0","23456"
"73","participant","p23457_i0","float","","",NA,NA,"Biological samples > Blood assays > NMR metabolomics","","","http://biobank.ctsu.ox.ac.uk/crystal/field.cgi?id=23457",NA,"","","Docosahexaenoic Acid to Total Fatty Acids percentage | Instance 0","percent","p23457_i0","p23457","0","23457"
"74","participant","p23458_i0","float","","",NA,NA,"Biological samples > Blood assays > NMR metabolomics","","","http://biobank.ctsu.ox.ac.uk/crystal/field.cgi?id=23458",NA,"","","Polyunsaturated Fatty Acids to Monounsaturated Fatty Acids ratio | Instance 0","ratio","p23458_i0","p23458","0","23458"
"75","participant","p23459_i0","float","","",NA,NA,"Biological samples > Blood assays > NMR metabolomics","","","http://biobank.ctsu.ox.ac.uk/crystal/field.cgi?id=23459",NA,"","","Omega-6 Fatty Acids to Omega-3 Fatty Acids ratio | Instance 0","ratio","p23459_i0","p23459","0","23459"
"76","participant","p23460_i0","float","","",NA,NA,"Biological samples > Blood assays > NMR metabolomics","","","http://biobank.ctsu.ox.ac.uk/crystal/field.cgi?id=23460",NA,"","","Alanine | Instance 0","mmol/l","p23460_i0","p23460","0","23460"
"77","participant","p23461_i0","float","","",NA,NA,"Biological samples > Blood assays > NMR metabolomics","","","http://biobank.ctsu.ox.ac.uk/crystal/field.cgi?id=23461",NA,"","","Glutamine | Instance 0","mmol/l","p23461_i0","p23461","0","23461"
"78","participant","p23462_i0","float","","",NA,NA,"Biological samples > Blood assays > NMR metabolomics","","","http://biobank.ctsu.ox.ac.uk/crystal/field.cgi?id=23462",NA,"","","Glycine | Instance 0","mmol/l","p23462_i0","p23462","0","23462"
"79","participant","p23463_i0","float","","",NA,NA,"Biological samples > Blood assays > NMR metabolomics","","","http://biobank.ctsu.ox.ac.uk/crystal/field.cgi?id=23463",NA,"","","Histidine | Instance 0","mmol/l","p23463_i0","p23463","0","23463"
"80","participant","p23464_i0","float","","",NA,NA,"Biological samples > Blood assays > NMR metabolomics","","","http://biobank.ctsu.ox.ac.uk/crystal/field.cgi?id=23464",NA,"","","Total Concentration of Branched-Chain Amino Acids (Leucine + Isoleucine + Valine) | Instance 0","mmol/l","p23464_i0","p23464","0","23464"
"81","participant","p23465_i0","float","","",NA,NA,"Biological samples > Blood assays > NMR metabolomics","","","http://biobank.ctsu.ox.ac.uk/crystal/field.cgi?id=23465",NA,"","","Isoleucine | Instance 0","mmol/l","p23465_i0","p23465","0","23465"
"82","participant","p23466_i0","float","","",NA,NA,"Biological samples > Blood assays > NMR metabolomics","","","http://biobank.ctsu.ox.ac.uk/crystal/field.cgi?id=23466",NA,"","","Leucine | Instance 0","mmol/l","p23466_i0","p23466","0","23466"
"83","participant","p23467_i0","float","","",NA,NA,"Biological samples > Blood assays > NMR metabolomics","","","http://biobank.ctsu.ox.ac.uk/crystal/field.cgi?id=23467",NA,"","","Valine | Instance 0","mmol/l","p23467_i0","p23467","0","23467"
"84","participant","p23468_i0","float","","",NA,NA,"Biological samples > Blood assays > NMR metabolomics","","","http://biobank.ctsu.ox.ac.uk/crystal/field.cgi?id=23468",NA,"","","Phenylalanine | Instance 0","mmol/l","p23468_i0","p23468","0","23468"
"85","participant","p23469_i0","float","","",NA,NA,"Biological samples > Blood assays > NMR metabolomics","","","http://biobank.ctsu.ox.ac.uk/crystal/field.cgi?id=23469",NA,"","","Tyrosine | Instance 0","mmol/l","p23469_i0","p23469","0","23469"
"86","participant","p23470_i0","float","","",NA,NA,"Biological samples > Blood assays > NMR metabolomics","","","http://biobank.ctsu.ox.ac.uk/crystal/field.cgi?id=23470",NA,"","","Glucose | Instance 0","mmol/l","p23470_i0","p23470","0","23470"
"87","participant","p23471_i0","float","","",NA,NA,"Biological samples > Blood assays > NMR metabolomics","","","http://biobank.ctsu.ox.ac.uk/crystal/field.cgi?id=23471",NA,"","","Lactate | Instance 0","mmol/l","p23471_i0","p23471","0","23471"
"88","participant","p23472_i0","float","","",NA,NA,"Biological samples > Blood assays > NMR metabolomics","","","http://biobank.ctsu.ox.ac.uk/crystal/field.cgi?id=23472",NA,"","","Pyruvate | Instance 0","mmol/l","p23472_i0","p23472","0","23472"
"89","participant","p23473_i0","float","","",NA,NA,"Biological samples > Blood assays > NMR metabolomics","","","http://biobank.ctsu.ox.ac.uk/crystal/field.cgi?id=23473",NA,"","","Citrate | Instance 0","mmol/l","p23473_i0","p23473","0","23473"
"90","participant","p23474_i0","float","","",NA,NA,"Biological samples > Blood assays > NMR metabolomics","","","http://biobank.ctsu.ox.ac.uk/crystal/field.cgi?id=23474",NA,"","","3-Hydroxybutyrate | Instance 0","mmol/l","p23474_i0","p23474","0","23474"
"91","participant","p23475_i0","float","","",NA,NA,"Biological samples > Blood assays > NMR metabolomics","","","http://biobank.ctsu.ox.ac.uk/crystal/field.cgi?id=23475",NA,"","","Acetate | Instance 0","mmol/l","p23475_i0","p23475","0","23475"
"92","participant","p23476_i0","float","","",NA,NA,"Biological samples > Blood assays > NMR metabolomics","","","http://biobank.ctsu.ox.ac.uk/crystal/field.cgi?id=23476",NA,"","","Acetoacetate | Instance 0","mmol/l","p23476_i0","p23476","0","23476"
"93","participant","p23477_i0","float","","",NA,NA,"Biological samples > Blood assays > NMR metabolomics","","","http://biobank.ctsu.ox.ac.uk/crystal/field.cgi?id=23477",NA,"","","Acetone | Instance 0","mmol/l","p23477_i0","p23477","0","23477"
"94","participant","p23478_i0","float","","",NA,NA,"Biological samples > Blood assays > NMR metabolomics","","","http://biobank.ctsu.ox.ac.uk/crystal/field.cgi?id=23478",NA,"","","Creatinine | Instance 0","mmol/l","p23478_i0","p23478","0","23478"
"95","participant","p23479_i0","float","","",NA,NA,"Biological samples > Blood assays > NMR metabolomics","","","http://biobank.ctsu.ox.ac.uk/crystal/field.cgi?id=23479",NA,"","","Albumin | Instance 0","g/l","p23479_i0","p23479","0","23479"
"96","participant","p23480_i0","float","","",NA,NA,"Biological samples > Blood assays > NMR metabolomics","","","http://biobank.ctsu.ox.ac.uk/crystal/field.cgi?id=23480",NA,"","","Glycoprotein Acetyls | Instance 0","mmol/l","p23480_i0","p23480","0","23480"
"97","participant","p23481_i0","float","","",NA,NA,"Biological samples > Blood assays > NMR metabolomics","","","http://biobank.ctsu.ox.ac.uk/crystal/field.cgi?id=23481",NA,"","","Concentration of Chylomicrons and Extremely Large VLDL Particles | Instance 0","mmol/l","p23481_i0","p23481","0","23481"
"98","participant","p23482_i0","float","","",NA,NA,"Biological samples > Blood assays > NMR metabolomics","","","http://biobank.ctsu.ox.ac.uk/crystal/field.cgi?id=23482",NA,"","","Total Lipids in Chylomicrons and Extremely Large VLDL | Instance 0","mmol/l","p23482_i0","p23482","0","23482"
"99","participant","p23483_i0","float","","",NA,NA,"Biological samples > Blood assays > NMR metabolomics","","","http://biobank.ctsu.ox.ac.uk/crystal/field.cgi?id=23483",NA,"","","Phospholipids in Chylomicrons and Extremely Large VLDL | Instance 0","mmol/l","p23483_i0","p23483","0","23483"
"100","participant","p23484_i0","float","","",NA,NA,"Biological samples > Blood assays > NMR metabolomics","","","http://biobank.ctsu.ox.ac.uk/crystal/field.cgi?id=23484",NA,"","","Cholesterol in Chylomicrons and Extremely Large VLDL | Instance 0","mmol/l","p23484_i0","p23484","0","23484"
"101","participant","p23485_i0","float","","",NA,NA,"Biological samples > Blood assays > NMR metabolomics","","","http://biobank.ctsu.ox.ac.uk/crystal/field.cgi?id=23485",NA,"","","Cholesteryl Esters in Chylomicrons and Extremely Large VLDL | Instance 0","mmol/l","p23485_i0","p23485","0","23485"
"102","participant","p23486_i0","float","","",NA,NA,"Biological samples > Blood assays > NMR metabolomics","","","http://biobank.ctsu.ox.ac.uk/crystal/field.cgi?id=23486",NA,"","","Free Cholesterol in Chylomicrons and Extremely Large VLDL | Instance 0","mmol/l","p23486_i0","p23486","0","23486"
"103","participant","p23487_i0","float","","",NA,NA,"Biological samples > Blood assays > NMR metabolomics","","","http://biobank.ctsu.ox.ac.uk/crystal/field.cgi?id=23487",NA,"","","Triglycerides in Chylomicrons and Extremely Large VLDL | Instance 0","mmol/l","p23487_i0","p23487","0","23487"
"104","participant","p23488_i0","float","","",NA,NA,"Biological samples > Blood assays > NMR metabolomics","","","http://biobank.ctsu.ox.ac.uk/crystal/field.cgi?id=23488",NA,"","","Concentration of Very Large VLDL Particles | Instance 0","mmol/l","p23488_i0","p23488","0","23488"
"105","participant","p23489_i0","float","","",NA,NA,"Biological samples > Blood assays > NMR metabolomics","","","http://biobank.ctsu.ox.ac.uk/crystal/field.cgi?id=23489",NA,"","","Total Lipids in Very Large VLDL | Instance 0","mmol/l","p23489_i0","p23489","0","23489"
"106","participant","p23490_i0","float","","",NA,NA,"Biological samples > Blood assays > NMR metabolomics","","","http://biobank.ctsu.ox.ac.uk/crystal/field.cgi?id=23490",NA,"","","Phospholipids in Very Large VLDL | Instance 0","mmol/l","p23490_i0","p23490","0","23490"
"107","participant","p23491_i0","float","","",NA,NA,"Biological samples > Blood assays > NMR metabolomics","","","http://biobank.ctsu.ox.ac.uk/crystal/field.cgi?id=23491",NA,"","","Cholesterol in Very Large VLDL | Instance 0","mmol/l","p23491_i0","p23491","0","23491"
"108","participant","p23492_i0","float","","",NA,NA,"Biological samples > Blood assays > NMR metabolomics","","","http://biobank.ctsu.ox.ac.uk/crystal/field.cgi?id=23492",NA,"","","Cholesteryl Esters in Very Large VLDL | Instance 0","mmol/l","p23492_i0","p23492","0","23492"
"109","participant","p23493_i0","float","","",NA,NA,"Biological samples > Blood assays > NMR metabolomics","","","http://biobank.ctsu.ox.ac.uk/crystal/field.cgi?id=23493",NA,"","","Free Cholesterol in Very Large VLDL | Instance 0","mmol/l","p23493_i0","p23493","0","23493"
"110","participant","p23494_i0","float","","",NA,NA,"Biological samples > Blood assays > NMR metabolomics","","","http://biobank.ctsu.ox.ac.uk/crystal/field.cgi?id=23494",NA,"","","Triglycerides in Very Large VLDL | Instance 0","mmol/l","p23494_i0","p23494","0","23494"
"111","participant","p23495_i0","float","","",NA,NA,"Biological samples > Blood assays > NMR metabolomics","","","http://biobank.ctsu.ox.ac.uk/crystal/field.cgi?id=23495",NA,"","","Concentration of Large VLDL Particles | Instance 0","mmol/l","p23495_i0","p23495","0","23495"
"112","participant","p23496_i0","float","","",NA,NA,"Biological samples > Blood assays > NMR metabolomics","","","http://biobank.ctsu.ox.ac.uk/crystal/field.cgi?id=23496",NA,"","","Total Lipids in Large VLDL | Instance 0","mmol/l","p23496_i0","p23496","0","23496"
"113","participant","p23497_i0","float","","",NA,NA,"Biological samples > Blood assays > NMR metabolomics","","","http://biobank.ctsu.ox.ac.uk/crystal/field.cgi?id=23497",NA,"","","Phospholipids in Large VLDL | Instance 0","mmol/l","p23497_i0","p23497","0","23497"
"114","participant","p23498_i0","float","","",NA,NA,"Biological samples > Blood assays > NMR metabolomics","","","http://biobank.ctsu.ox.ac.uk/crystal/field.cgi?id=23498",NA,"","","Cholesterol in Large VLDL | Instance 0","mmol/l","p23498_i0","p23498","0","23498"
"115","participant","p23499_i0","float","","",NA,NA,"Biological samples > Blood assays > NMR metabolomics","","","http://biobank.ctsu.ox.ac.uk/crystal/field.cgi?id=23499",NA,"","","Cholesteryl Esters in Large VLDL | Instance 0","mmol/l","p23499_i0","p23499","0","23499"
"116","participant","p23500_i0","float","","",NA,NA,"Biological samples > Blood assays > NMR metabolomics","","","http://biobank.ctsu.ox.ac.uk/crystal/field.cgi?id=23500",NA,"","","Free Cholesterol in Large VLDL | Instance 0","mmol/l","p23500_i0","p23500","0","23500"
"117","participant","p23501_i0","float","","",NA,NA,"Biological samples > Blood assays > NMR metabolomics","","","http://biobank.ctsu.ox.ac.uk/crystal/field.cgi?id=23501",NA,"","","Triglycerides in Large VLDL | Instance 0","mmol/l","p23501_i0","p23501","0","23501"
"118","participant","p23502_i0","float","","",NA,NA,"Biological samples > Blood assays > NMR metabolomics","","","http://biobank.ctsu.ox.ac.uk/crystal/field.cgi?id=23502",NA,"","","Concentration of Medium VLDL Particles | Instance 0","mmol/l","p23502_i0","p23502","0","23502"
"119","participant","p23503_i0","float","","",NA,NA,"Biological samples > Blood assays > NMR metabolomics","","","http://biobank.ctsu.ox.ac.uk/crystal/field.cgi?id=23503",NA,"","","Total Lipids in Medium VLDL | Instance 0","mmol/l","p23503_i0","p23503","0","23503"
"120","participant","p23504_i0","float","","",NA,NA,"Biological samples > Blood assays > NMR metabolomics","","","http://biobank.ctsu.ox.ac.uk/crystal/field.cgi?id=23504",NA,"","","Phospholipids in Medium VLDL | Instance 0","mmol/l","p23504_i0","p23504","0","23504"
"121","participant","p23505_i0","float","","",NA,NA,"Biological samples > Blood assays > NMR metabolomics","","","http://biobank.ctsu.ox.ac.uk/crystal/field.cgi?id=23505",NA,"","","Cholesterol in Medium VLDL | Instance 0","mmol/l","p23505_i0","p23505","0","23505"
"122","participant","p23506_i0","float","","",NA,NA,"Biological samples > Blood assays > NMR metabolomics","","","http://biobank.ctsu.ox.ac.uk/crystal/field.cgi?id=23506",NA,"","","Cholesteryl Esters in Medium VLDL | Instance 0","mmol/l","p23506_i0","p23506","0","23506"
"123","participant","p23507_i0","float","","",NA,NA,"Biological samples > Blood assays > NMR metabolomics","","","http://biobank.ctsu.ox.ac.uk/crystal/field.cgi?id=23507",NA,"","","Free Cholesterol in Medium VLDL | Instance 0","mmol/l","p23507_i0","p23507","0","23507"
"124","participant","p23508_i0","float","","",NA,NA,"Biological samples > Blood assays > NMR metabolomics","","","http://biobank.ctsu.ox.ac.uk/crystal/field.cgi?id=23508",NA,"","","Triglycerides in Medium VLDL | Instance 0","mmol/l","p23508_i0","p23508","0","23508"
"125","participant","p23509_i0","float","","",NA,NA,"Biological samples > Blood assays > NMR metabolomics","","","http://biobank.ctsu.ox.ac.uk/crystal/field.cgi?id=23509",NA,"","","Concentration of Small VLDL Particles | Instance 0","mmol/l","p23509_i0","p23509","0","23509"
"126","participant","p23510_i0","float","","",NA,NA,"Biological samples > Blood assays > NMR metabolomics","","","http://biobank.ctsu.ox.ac.uk/crystal/field.cgi?id=23510",NA,"","","Total Lipids in Small VLDL | Instance 0","mmol/l","p23510_i0","p23510","0","23510"
"127","participant","p23511_i0","float","","",NA,NA,"Biological samples > Blood assays > NMR metabolomics","","","http://biobank.ctsu.ox.ac.uk/crystal/field.cgi?id=23511",NA,"","","Phospholipids in Small VLDL | Instance 0","mmol/l","p23511_i0","p23511","0","23511"
"128","participant","p23512_i0","float","","",NA,NA,"Biological samples > Blood assays > NMR metabolomics","","","http://biobank.ctsu.ox.ac.uk/crystal/field.cgi?id=23512",NA,"","","Cholesterol in Small VLDL | Instance 0","mmol/l","p23512_i0","p23512","0","23512"
"129","participant","p23513_i0","float","","",NA,NA,"Biological samples > Blood assays > NMR metabolomics","","","http://biobank.ctsu.ox.ac.uk/crystal/field.cgi?id=23513",NA,"","","Cholesteryl Esters in Small VLDL | Instance 0","mmol/l","p23513_i0","p23513","0","23513"
"130","participant","p23514_i0","float","","",NA,NA,"Biological samples > Blood assays > NMR metabolomics","","","http://biobank.ctsu.ox.ac.uk/crystal/field.cgi?id=23514",NA,"","","Free Cholesterol in Small VLDL | Instance 0","mmol/l","p23514_i0","p23514","0","23514"
"131","participant","p23515_i0","float","","",NA,NA,"Biological samples > Blood assays > NMR metabolomics","","","http://biobank.ctsu.ox.ac.uk/crystal/field.cgi?id=23515",NA,"","","Triglycerides in Small VLDL | Instance 0","mmol/l","p23515_i0","p23515","0","23515"
"132","participant","p23516_i0","float","","",NA,NA,"Biological samples > Blood assays > NMR metabolomics","","","http://biobank.ctsu.ox.ac.uk/crystal/field.cgi?id=23516",NA,"","","Concentration of Very Small VLDL Particles | Instance 0","mmol/l","p23516_i0","p23516","0","23516"
"133","participant","p23517_i0","float","","",NA,NA,"Biological samples > Blood assays > NMR metabolomics","","","http://biobank.ctsu.ox.ac.uk/crystal/field.cgi?id=23517",NA,"","","Total Lipids in Very Small VLDL | Instance 0","mmol/l","p23517_i0","p23517","0","23517"
"134","participant","p23518_i0","float","","",NA,NA,"Biological samples > Blood assays > NMR metabolomics","","","http://biobank.ctsu.ox.ac.uk/crystal/field.cgi?id=23518",NA,"","","Phospholipids in Very Small VLDL | Instance 0","mmol/l","p23518_i0","p23518","0","23518"
"135","participant","p23519_i0","float","","",NA,NA,"Biological samples > Blood assays > NMR metabolomics","","","http://biobank.ctsu.ox.ac.uk/crystal/field.cgi?id=23519",NA,"","","Cholesterol in Very Small VLDL | Instance 0","mmol/l","p23519_i0","p23519","0","23519"
"136","participant","p23520_i0","float","","",NA,NA,"Biological samples > Blood assays > NMR metabolomics","","","http://biobank.ctsu.ox.ac.uk/crystal/field.cgi?id=23520",NA,"","","Cholesteryl Esters in Very Small VLDL | Instance 0","mmol/l","p23520_i0","p23520","0","23520"
"137","participant","p23521_i0","float","","",NA,NA,"Biological samples > Blood assays > NMR metabolomics","","","http://biobank.ctsu.ox.ac.uk/crystal/field.cgi?id=23521",NA,"","","Free Cholesterol in Very Small VLDL | Instance 0","mmol/l","p23521_i0","p23521","0","23521"
"138","participant","p23522_i0","float","","",NA,NA,"Biological samples > Blood assays > NMR metabolomics","","","http://biobank.ctsu.ox.ac.uk/crystal/field.cgi?id=23522",NA,"","","Triglycerides in Very Small VLDL | Instance 0","mmol/l","p23522_i0","p23522","0","23522"
"139","participant","p23523_i0","float","","",NA,NA,"Biological samples > Blood assays > NMR metabolomics","","","http://biobank.ctsu.ox.ac.uk/crystal/field.cgi?id=23523",NA,"","","Concentration of IDL Particles | Instance 0","mmol/l","p23523_i0","p23523","0","23523"
"140","participant","p23524_i0","float","","",NA,NA,"Biological samples > Blood assays > NMR metabolomics","","","http://biobank.ctsu.ox.ac.uk/crystal/field.cgi?id=23524",NA,"","","Total Lipids in IDL | Instance 0","mmol/l","p23524_i0","p23524","0","23524"
"141","participant","p23525_i0","float","","",NA,NA,"Biological samples > Blood assays > NMR metabolomics","","","http://biobank.ctsu.ox.ac.uk/crystal/field.cgi?id=23525",NA,"","","Phospholipids in IDL | Instance 0","mmol/l","p23525_i0","p23525","0","23525"
"142","participant","p23526_i0","float","","",NA,NA,"Biological samples > Blood assays > NMR metabolomics","","","http://biobank.ctsu.ox.ac.uk/crystal/field.cgi?id=23526",NA,"","","Cholesterol in IDL | Instance 0","mmol/l","p23526_i0","p23526","0","23526"
"143","participant","p23527_i0","float","","",NA,NA,"Biological samples > Blood assays > NMR metabolomics","","","http://biobank.ctsu.ox.ac.uk/crystal/field.cgi?id=23527",NA,"","","Cholesteryl Esters in IDL | Instance 0","mmol/l","p23527_i0","p23527","0","23527"
"144","participant","p23528_i0","float","","",NA,NA,"Biological samples > Blood assays > NMR metabolomics","","","http://biobank.ctsu.ox.ac.uk/crystal/field.cgi?id=23528",NA,"","","Free Cholesterol in IDL | Instance 0","mmol/l","p23528_i0","p23528","0","23528"
"145","participant","p23529_i0","float","","",NA,NA,"Biological samples > Blood assays > NMR metabolomics","","","http://biobank.ctsu.ox.ac.uk/crystal/field.cgi?id=23529",NA,"","","Triglycerides in IDL | Instance 0","mmol/l","p23529_i0","p23529","0","23529"
"146","participant","p23530_i0","float","","",NA,NA,"Biological samples > Blood assays > NMR metabolomics","","","http://biobank.ctsu.ox.ac.uk/crystal/field.cgi?id=23530",NA,"","","Concentration of Large LDL Particles | Instance 0","mmol/l","p23530_i0","p23530","0","23530"
"147","participant","p23531_i0","float","","",NA,NA,"Biological samples > Blood assays > NMR metabolomics","","","http://biobank.ctsu.ox.ac.uk/crystal/field.cgi?id=23531",NA,"","","Total Lipids in Large LDL | Instance 0","mmol/l","p23531_i0","p23531","0","23531"
"148","participant","p23532_i0","float","","",NA,NA,"Biological samples > Blood assays > NMR metabolomics","","","http://biobank.ctsu.ox.ac.uk/crystal/field.cgi?id=23532",NA,"","","Phospholipids in Large LDL | Instance 0","mmol/l","p23532_i0","p23532","0","23532"
"149","participant","p23533_i0","float","","",NA,NA,"Biological samples > Blood assays > NMR metabolomics","","","http://biobank.ctsu.ox.ac.uk/crystal/field.cgi?id=23533",NA,"","","Cholesterol in Large LDL | Instance 0","mmol/l","p23533_i0","p23533","0","23533"
"150","participant","p23534_i0","float","","",NA,NA,"Biological samples > Blood assays > NMR metabolomics","","","http://biobank.ctsu.ox.ac.uk/crystal/field.cgi?id=23534",NA,"","","Cholesteryl Esters in Large LDL | Instance 0","mmol/l","p23534_i0","p23534","0","23534"
"151","participant","p23535_i0","float","","",NA,NA,"Biological samples > Blood assays > NMR metabolomics","","","http://biobank.ctsu.ox.ac.uk/crystal/field.cgi?id=23535",NA,"","","Free Cholesterol in Large LDL | Instance 0","mmol/l","p23535_i0","p23535","0","23535"
"152","participant","p23536_i0","float","","",NA,NA,"Biological samples > Blood assays > NMR metabolomics","","","http://biobank.ctsu.ox.ac.uk/crystal/field.cgi?id=23536",NA,"","","Triglycerides in Large LDL | Instance 0","mmol/l","p23536_i0","p23536","0","23536"
"153","participant","p23537_i0","float","","",NA,NA,"Biological samples > Blood assays > NMR metabolomics","","","http://biobank.ctsu.ox.ac.uk/crystal/field.cgi?id=23537",NA,"","","Concentration of Medium LDL Particles | Instance 0","mmol/l","p23537_i0","p23537","0","23537"
"154","participant","p23538_i0","float","","",NA,NA,"Biological samples > Blood assays > NMR metabolomics","","","http://biobank.ctsu.ox.ac.uk/crystal/field.cgi?id=23538",NA,"","","Total Lipids in Medium LDL | Instance 0","mmol/l","p23538_i0","p23538","0","23538"
"155","participant","p23539_i0","float","","",NA,NA,"Biological samples > Blood assays > NMR metabolomics","","","http://biobank.ctsu.ox.ac.uk/crystal/field.cgi?id=23539",NA,"","","Phospholipids in Medium LDL | Instance 0","mmol/l","p23539_i0","p23539","0","23539"
"156","participant","p23540_i0","float","","",NA,NA,"Biological samples > Blood assays > NMR metabolomics","","","http://biobank.ctsu.ox.ac.uk/crystal/field.cgi?id=23540",NA,"","","Cholesterol in Medium LDL | Instance 0","mmol/l","p23540_i0","p23540","0","23540"
"157","participant","p23541_i0","float","","",NA,NA,"Biological samples > Blood assays > NMR metabolomics","","","http://biobank.ctsu.ox.ac.uk/crystal/field.cgi?id=23541",NA,"","","Cholesteryl Esters in Medium LDL | Instance 0","mmol/l","p23541_i0","p23541","0","23541"
"158","participant","p23542_i0","float","","",NA,NA,"Biological samples > Blood assays > NMR metabolomics","","","http://biobank.ctsu.ox.ac.uk/crystal/field.cgi?id=23542",NA,"","","Free Cholesterol in Medium LDL | Instance 0","mmol/l","p23542_i0","p23542","0","23542"
"159","participant","p23543_i0","float","","",NA,NA,"Biological samples > Blood assays > NMR metabolomics","","","http://biobank.ctsu.ox.ac.uk/crystal/field.cgi?id=23543",NA,"","","Triglycerides in Medium LDL | Instance 0","mmol/l","p23543_i0","p23543","0","23543"
"160","participant","p23544_i0","float","","",NA,NA,"Biological samples > Blood assays > NMR metabolomics","","","http://biobank.ctsu.ox.ac.uk/crystal/field.cgi?id=23544",NA,"","","Concentration of Small LDL Particles | Instance 0","mmol/l","p23544_i0","p23544","0","23544"
"161","participant","p23545_i0","float","","",NA,NA,"Biological samples > Blood assays > NMR metabolomics","","","http://biobank.ctsu.ox.ac.uk/crystal/field.cgi?id=23545",NA,"","","Total Lipids in Small LDL | Instance 0","mmol/l","p23545_i0","p23545","0","23545"
"162","participant","p23546_i0","float","","",NA,NA,"Biological samples > Blood assays > NMR metabolomics","","","http://biobank.ctsu.ox.ac.uk/crystal/field.cgi?id=23546",NA,"","","Phospholipids in Small LDL | Instance 0","mmol/l","p23546_i0","p23546","0","23546"
"163","participant","p23547_i0","float","","",NA,NA,"Biological samples > Blood assays > NMR metabolomics","","","http://biobank.ctsu.ox.ac.uk/crystal/field.cgi?id=23547",NA,"","","Cholesterol in Small LDL | Instance 0","mmol/l","p23547_i0","p23547","0","23547"
"164","participant","p23548_i0","float","","",NA,NA,"Biological samples > Blood assays > NMR metabolomics","","","http://biobank.ctsu.ox.ac.uk/crystal/field.cgi?id=23548",NA,"","","Cholesteryl Esters in Small LDL | Instance 0","mmol/l","p23548_i0","p23548","0","23548"
"165","participant","p23549_i0","float","","",NA,NA,"Biological samples > Blood assays > NMR metabolomics","","","http://biobank.ctsu.ox.ac.uk/crystal/field.cgi?id=23549",NA,"","","Free Cholesterol in Small LDL | Instance 0","mmol/l","p23549_i0","p23549","0","23549"
"166","participant","p23550_i0","float","","",NA,NA,"Biological samples > Blood assays > NMR metabolomics","","","http://biobank.ctsu.ox.ac.uk/crystal/field.cgi?id=23550",NA,"","","Triglycerides in Small LDL | Instance 0","mmol/l","p23550_i0","p23550","0","23550"
"167","participant","p23551_i0","float","","",NA,NA,"Biological samples > Blood assays > NMR metabolomics","","","http://biobank.ctsu.ox.ac.uk/crystal/field.cgi?id=23551",NA,"","","Concentration of Very Large HDL Particles | Instance 0","mmol/l","p23551_i0","p23551","0","23551"
"168","participant","p23552_i0","float","","",NA,NA,"Biological samples > Blood assays > NMR metabolomics","","","http://biobank.ctsu.ox.ac.uk/crystal/field.cgi?id=23552",NA,"","","Total Lipids in Very Large HDL | Instance 0","mmol/l","p23552_i0","p23552","0","23552"
"169","participant","p23553_i0","float","","",NA,NA,"Biological samples > Blood assays > NMR metabolomics","","","http://biobank.ctsu.ox.ac.uk/crystal/field.cgi?id=23553",NA,"","","Phospholipids in Very Large HDL | Instance 0","mmol/l","p23553_i0","p23553","0","23553"
"170","participant","p23554_i0","float","","",NA,NA,"Biological samples > Blood assays > NMR metabolomics","","","http://biobank.ctsu.ox.ac.uk/crystal/field.cgi?id=23554",NA,"","","Cholesterol in Very Large HDL | Instance 0","mmol/l","p23554_i0","p23554","0","23554"
"171","participant","p23555_i0","float","","",NA,NA,"Biological samples > Blood assays > NMR metabolomics","","","http://biobank.ctsu.ox.ac.uk/crystal/field.cgi?id=23555",NA,"","","Cholesteryl Esters in Very Large HDL | Instance 0","mmol/l","p23555_i0","p23555","0","23555"
"172","participant","p23556_i0","float","","",NA,NA,"Biological samples > Blood assays > NMR metabolomics","","","http://biobank.ctsu.ox.ac.uk/crystal/field.cgi?id=23556",NA,"","","Free Cholesterol in Very Large HDL | Instance 0","mmol/l","p23556_i0","p23556","0","23556"
"173","participant","p23557_i0","float","","",NA,NA,"Biological samples > Blood assays > NMR metabolomics","","","http://biobank.ctsu.ox.ac.uk/crystal/field.cgi?id=23557",NA,"","","Triglycerides in Very Large HDL | Instance 0","mmol/l","p23557_i0","p23557","0","23557"
"174","participant","p23558_i0","float","","",NA,NA,"Biological samples > Blood assays > NMR metabolomics","","","http://biobank.ctsu.ox.ac.uk/crystal/field.cgi?id=23558",NA,"","","Concentration of Large HDL Particles | Instance 0","mmol/l","p23558_i0","p23558","0","23558"
"175","participant","p23559_i0","float","","",NA,NA,"Biological samples > Blood assays > NMR metabolomics","","","http://biobank.ctsu.ox.ac.uk/crystal/field.cgi?id=23559",NA,"","","Total Lipids in Large HDL | Instance 0","mmol/l","p23559_i0","p23559","0","23559"
"176","participant","p23560_i0","float","","",NA,NA,"Biological samples > Blood assays > NMR metabolomics","","","http://biobank.ctsu.ox.ac.uk/crystal/field.cgi?id=23560",NA,"","","Phospholipids in Large HDL | Instance 0","mmol/l","p23560_i0","p23560","0","23560"
"177","participant","p23561_i0","float","","",NA,NA,"Biological samples > Blood assays > NMR metabolomics","","","http://biobank.ctsu.ox.ac.uk/crystal/field.cgi?id=23561",NA,"","","Cholesterol in Large HDL | Instance 0","mmol/l","p23561_i0","p23561","0","23561"
"178","participant","p23562_i0","float","","",NA,NA,"Biological samples > Blood assays > NMR metabolomics","","","http://biobank.ctsu.ox.ac.uk/crystal/field.cgi?id=23562",NA,"","","Cholesteryl Esters in Large HDL | Instance 0","mmol/l","p23562_i0","p23562","0","23562"
"179","participant","p23563_i0","float","","",NA,NA,"Biological samples > Blood assays > NMR metabolomics","","","http://biobank.ctsu.ox.ac.uk/crystal/field.cgi?id=23563",NA,"","","Free Cholesterol in Large HDL | Instance 0","mmol/l","p23563_i0","p23563","0","23563"
"180","participant","p23564_i0","float","","",NA,NA,"Biological samples > Blood assays > NMR metabolomics","","","http://biobank.ctsu.ox.ac.uk/crystal/field.cgi?id=23564",NA,"","","Triglycerides in Large HDL | Instance 0","mmol/l","p23564_i0","p23564","0","23564"
"181","participant","p23565_i0","float","","",NA,NA,"Biological samples > Blood assays > NMR metabolomics","","","http://biobank.ctsu.ox.ac.uk/crystal/field.cgi?id=23565",NA,"","","Concentration of Medium HDL Particles | Instance 0","mmol/l","p23565_i0","p23565","0","23565"
"182","participant","p23566_i0","float","","",NA,NA,"Biological samples > Blood assays > NMR metabolomics","","","http://biobank.ctsu.ox.ac.uk/crystal/field.cgi?id=23566",NA,"","","Total Lipids in Medium HDL | Instance 0","mmol/l","p23566_i0","p23566","0","23566"
"183","participant","p23567_i0","float","","",NA,NA,"Biological samples > Blood assays > NMR metabolomics","","","http://biobank.ctsu.ox.ac.uk/crystal/field.cgi?id=23567",NA,"","","Phospholipids in Medium HDL | Instance 0","mmol/l","p23567_i0","p23567","0","23567"
"184","participant","p23568_i0","float","","",NA,NA,"Biological samples > Blood assays > NMR metabolomics","","","http://biobank.ctsu.ox.ac.uk/crystal/field.cgi?id=23568",NA,"","","Cholesterol in Medium HDL | Instance 0","mmol/l","p23568_i0","p23568","0","23568"
"185","participant","p23569_i0","float","","",NA,NA,"Biological samples > Blood assays > NMR metabolomics","","","http://biobank.ctsu.ox.ac.uk/crystal/field.cgi?id=23569",NA,"","","Cholesteryl Esters in Medium HDL | Instance 0","mmol/l","p23569_i0","p23569","0","23569"
"186","participant","p23570_i0","float","","",NA,NA,"Biological samples > Blood assays > NMR metabolomics","","","http://biobank.ctsu.ox.ac.uk/crystal/field.cgi?id=23570",NA,"","","Free Cholesterol in Medium HDL | Instance 0","mmol/l","p23570_i0","p23570","0","23570"
"187","participant","p23571_i0","float","","",NA,NA,"Biological samples > Blood assays > NMR metabolomics","","","http://biobank.ctsu.ox.ac.uk/crystal/field.cgi?id=23571",NA,"","","Triglycerides in Medium HDL | Instance 0","mmol/l","p23571_i0","p23571","0","23571"
"188","participant","p23572_i0","float","","",NA,NA,"Biological samples > Blood assays > NMR metabolomics","","","http://biobank.ctsu.ox.ac.uk/crystal/field.cgi?id=23572",NA,"","","Concentration of Small HDL Particles | Instance 0","mmol/l","p23572_i0","p23572","0","23572"
"189","participant","p23573_i0","float","","",NA,NA,"Biological samples > Blood assays > NMR metabolomics","","","http://biobank.ctsu.ox.ac.uk/crystal/field.cgi?id=23573",NA,"","","Total Lipids in Small HDL | Instance 0","mmol/l","p23573_i0","p23573","0","23573"
"190","participant","p23574_i0","float","","",NA,NA,"Biological samples > Blood assays > NMR metabolomics","","","http://biobank.ctsu.ox.ac.uk/crystal/field.cgi?id=23574",NA,"","","Phospholipids in Small HDL | Instance 0","mmol/l","p23574_i0","p23574","0","23574"
"191","participant","p23575_i0","float","","",NA,NA,"Biological samples > Blood assays > NMR metabolomics","","","http://biobank.ctsu.ox.ac.uk/crystal/field.cgi?id=23575",NA,"","","Cholesterol in Small HDL | Instance 0","mmol/l","p23575_i0","p23575","0","23575"
"192","participant","p23576_i0","float","","",NA,NA,"Biological samples > Blood assays > NMR metabolomics","","","http://biobank.ctsu.ox.ac.uk/crystal/field.cgi?id=23576",NA,"","","Cholesteryl Esters in Small HDL | Instance 0","mmol/l","p23576_i0","p23576","0","23576"
"193","participant","p23577_i0","float","","",NA,NA,"Biological samples > Blood assays > NMR metabolomics","","","http://biobank.ctsu.ox.ac.uk/crystal/field.cgi?id=23577",NA,"","","Free Cholesterol in Small HDL | Instance 0","mmol/l","p23577_i0","p23577","0","23577"
"194","participant","p23578_i0","float","","",NA,NA,"Biological samples > Blood assays > NMR metabolomics","","","http://biobank.ctsu.ox.ac.uk/crystal/field.cgi?id=23578",NA,"","","Triglycerides in Small HDL | Instance 0","mmol/l","p23578_i0","p23578","0","23578"
"195","participant","p23579_i0","float","","",NA,NA,"Biological samples > Blood assays > NMR metabolomics","","","http://biobank.ctsu.ox.ac.uk/crystal/field.cgi?id=23579",NA,"","","Phospholipids to Total Lipids in Chylomicrons and Extremely Large VLDL percentage | Instance 0","percent","p23579_i0","p23579","0","23579"
"196","participant","p23580_i0","float","","",NA,NA,"Biological samples > Blood assays > NMR metabolomics","","","http://biobank.ctsu.ox.ac.uk/crystal/field.cgi?id=23580",NA,"","","Cholesterol to Total Lipids in Chylomicrons and Extremely Large VLDL percentage | Instance 0","percent","p23580_i0","p23580","0","23580"
"197","participant","p23581_i0","float","","",NA,NA,"Biological samples > Blood assays > NMR metabolomics","","","http://biobank.ctsu.ox.ac.uk/crystal/field.cgi?id=23581",NA,"","","Cholesteryl Esters to Total Lipids in Chylomicrons and Extremely Large VLDL percentage | Instance 0","percent","p23581_i0","p23581","0","23581"
"198","participant","p23582_i0","float","","",NA,NA,"Biological samples > Blood assays > NMR metabolomics","","","http://biobank.ctsu.ox.ac.uk/crystal/field.cgi?id=23582",NA,"","","Free Cholesterol to Total Lipids in Chylomicrons and Extremely Large VLDL percentage | Instance 0","percent","p23582_i0","p23582","0","23582"
"199","participant","p23583_i0","float","","",NA,NA,"Biological samples > Blood assays > NMR metabolomics","","","http://biobank.ctsu.ox.ac.uk/crystal/field.cgi?id=23583",NA,"","","Triglycerides to Total Lipids in Chylomicrons and Extremely Large VLDL percentage | Instance 0","percent","p23583_i0","p23583","0","23583"
"200","participant","p23584_i0","float","","",NA,NA,"Biological samples > Blood assays > NMR metabolomics","","","http://biobank.ctsu.ox.ac.uk/crystal/field.cgi?id=23584",NA,"","","Phospholipids to Total Lipids in Very Large VLDL percentage | Instance 0","percent","p23584_i0","p23584","0","23584"
"201","participant","p23585_i0","float","","",NA,NA,"Biological samples > Blood assays > NMR metabolomics","","","http://biobank.ctsu.ox.ac.uk/crystal/field.cgi?id=23585",NA,"","","Cholesterol to Total Lipids in Very Large VLDL percentage | Instance 0","percent","p23585_i0","p23585","0","23585"
"202","participant","p23586_i0","float","","",NA,NA,"Biological samples > Blood assays > NMR metabolomics","","","http://biobank.ctsu.ox.ac.uk/crystal/field.cgi?id=23586",NA,"","","Cholesteryl Esters to Total Lipids in Very Large VLDL percentage | Instance 0","percent","p23586_i0","p23586","0","23586"
"203","participant","p23587_i0","float","","",NA,NA,"Biological samples > Blood assays > NMR metabolomics","","","http://biobank.ctsu.ox.ac.uk/crystal/field.cgi?id=23587",NA,"","","Free Cholesterol to Total Lipids in Very Large VLDL percentage | Instance 0","percent","p23587_i0","p23587","0","23587"
"204","participant","p23588_i0","float","","",NA,NA,"Biological samples > Blood assays > NMR metabolomics","","","http://biobank.ctsu.ox.ac.uk/crystal/field.cgi?id=23588",NA,"","","Triglycerides to Total Lipids in Very Large VLDL percentage | Instance 0","percent","p23588_i0","p23588","0","23588"
"205","participant","p23589_i0","float","","",NA,NA,"Biological samples > Blood assays > NMR metabolomics","","","http://biobank.ctsu.ox.ac.uk/crystal/field.cgi?id=23589",NA,"","","Phospholipids to Total Lipids in Large VLDL percentage | Instance 0","percent","p23589_i0","p23589","0","23589"
"206","participant","p23590_i0","float","","",NA,NA,"Biological samples > Blood assays > NMR metabolomics","","","http://biobank.ctsu.ox.ac.uk/crystal/field.cgi?id=23590",NA,"","","Cholesterol to Total Lipids in Large VLDL percentage | Instance 0","percent","p23590_i0","p23590","0","23590"
"207","participant","p23591_i0","float","","",NA,NA,"Biological samples > Blood assays > NMR metabolomics","","","http://biobank.ctsu.ox.ac.uk/crystal/field.cgi?id=23591",NA,"","","Cholesteryl Esters to Total Lipids in Large VLDL percentage | Instance 0","percent","p23591_i0","p23591","0","23591"
"208","participant","p23592_i0","float","","",NA,NA,"Biological samples > Blood assays > NMR metabolomics","","","http://biobank.ctsu.ox.ac.uk/crystal/field.cgi?id=23592",NA,"","","Free Cholesterol to Total Lipids in Large VLDL percentage | Instance 0","percent","p23592_i0","p23592","0","23592"
"209","participant","p23593_i0","float","","",NA,NA,"Biological samples > Blood assays > NMR metabolomics","","","http://biobank.ctsu.ox.ac.uk/crystal/field.cgi?id=23593",NA,"","","Triglycerides to Total Lipids in Large VLDL percentage | Instance 0","percent","p23593_i0","p23593","0","23593"
"210","participant","p23594_i0","float","","",NA,NA,"Biological samples > Blood assays > NMR metabolomics","","","http://biobank.ctsu.ox.ac.uk/crystal/field.cgi?id=23594",NA,"","","Phospholipids to Total Lipids in Medium VLDL percentage | Instance 0","percent","p23594_i0","p23594","0","23594"
"211","participant","p23595_i0","float","","",NA,NA,"Biological samples > Blood assays > NMR metabolomics","","","http://biobank.ctsu.ox.ac.uk/crystal/field.cgi?id=23595",NA,"","","Cholesterol to Total Lipids in Medium VLDL percentage | Instance 0","percent","p23595_i0","p23595","0","23595"
"212","participant","p23596_i0","float","","",NA,NA,"Biological samples > Blood assays > NMR metabolomics","","","http://biobank.ctsu.ox.ac.uk/crystal/field.cgi?id=23596",NA,"","","Cholesteryl Esters to Total Lipids in Medium VLDL percentage | Instance 0","percent","p23596_i0","p23596","0","23596"
"213","participant","p23597_i0","float","","",NA,NA,"Biological samples > Blood assays > NMR metabolomics","","","http://biobank.ctsu.ox.ac.uk/crystal/field.cgi?id=23597",NA,"","","Free Cholesterol to Total Lipids in Medium VLDL percentage | Instance 0","percent","p23597_i0","p23597","0","23597"
"214","participant","p23598_i0","float","","",NA,NA,"Biological samples > Blood assays > NMR metabolomics","","","http://biobank.ctsu.ox.ac.uk/crystal/field.cgi?id=23598",NA,"","","Triglycerides to Total Lipids in Medium VLDL percentage | Instance 0","percent","p23598_i0","p23598","0","23598"
"215","participant","p23599_i0","float","","",NA,NA,"Biological samples > Blood assays > NMR metabolomics","","","http://biobank.ctsu.ox.ac.uk/crystal/field.cgi?id=23599",NA,"","","Phospholipids to Total Lipids in Small VLDL percentage | Instance 0","percent","p23599_i0","p23599","0","23599"
"216","participant","p23600_i0","float","","",NA,NA,"Biological samples > Blood assays > NMR metabolomics","","","http://biobank.ctsu.ox.ac.uk/crystal/field.cgi?id=23600",NA,"","","Cholesterol to Total Lipids in Small VLDL percentage | Instance 0","percent","p23600_i0","p23600","0","23600"
"217","participant","p23601_i0","float","","",NA,NA,"Biological samples > Blood assays > NMR metabolomics","","","http://biobank.ctsu.ox.ac.uk/crystal/field.cgi?id=23601",NA,"","","Cholesteryl Esters to Total Lipids in Small VLDL percentage | Instance 0","percent","p23601_i0","p23601","0","23601"
"218","participant","p23602_i0","float","","",NA,NA,"Biological samples > Blood assays > NMR metabolomics","","","http://biobank.ctsu.ox.ac.uk/crystal/field.cgi?id=23602",NA,"","","Free Cholesterol to Total Lipids in Small VLDL percentage | Instance 0","percent","p23602_i0","p23602","0","23602"
"219","participant","p23603_i0","float","","",NA,NA,"Biological samples > Blood assays > NMR metabolomics","","","http://biobank.ctsu.ox.ac.uk/crystal/field.cgi?id=23603",NA,"","","Triglycerides to Total Lipids in Small VLDL percentage | Instance 0","percent","p23603_i0","p23603","0","23603"
"220","participant","p23604_i0","float","","",NA,NA,"Biological samples > Blood assays > NMR metabolomics","","","http://biobank.ctsu.ox.ac.uk/crystal/field.cgi?id=23604",NA,"","","Phospholipids to Total Lipids in Very Small VLDL percentage | Instance 0","percent","p23604_i0","p23604","0","23604"
"221","participant","p23605_i0","float","","",NA,NA,"Biological samples > Blood assays > NMR metabolomics","","","http://biobank.ctsu.ox.ac.uk/crystal/field.cgi?id=23605",NA,"","","Cholesterol to Total Lipids in Very Small VLDL percentage | Instance 0","percent","p23605_i0","p23605","0","23605"
"222","participant","p23606_i0","float","","",NA,NA,"Biological samples > Blood assays > NMR metabolomics","","","http://biobank.ctsu.ox.ac.uk/crystal/field.cgi?id=23606",NA,"","","Cholesteryl Esters to Total Lipids in Very Small VLDL percentage | Instance 0","percent","p23606_i0","p23606","0","23606"
"223","participant","p23607_i0","float","","",NA,NA,"Biological samples > Blood assays > NMR metabolomics","","","http://biobank.ctsu.ox.ac.uk/crystal/field.cgi?id=23607",NA,"","","Free Cholesterol to Total Lipids in Very Small VLDL percentage | Instance 0","percent","p23607_i0","p23607","0","23607"
"224","participant","p23608_i0","float","","",NA,NA,"Biological samples > Blood assays > NMR metabolomics","","","http://biobank.ctsu.ox.ac.uk/crystal/field.cgi?id=23608",NA,"","","Triglycerides to Total Lipids in Very Small VLDL percentage | Instance 0","percent","p23608_i0","p23608","0","23608"
"225","participant","p23609_i0","float","","",NA,NA,"Biological samples > Blood assays > NMR metabolomics","","","http://biobank.ctsu.ox.ac.uk/crystal/field.cgi?id=23609",NA,"","","Phospholipids to Total Lipids in IDL percentage | Instance 0","percent","p23609_i0","p23609","0","23609"
"226","participant","p23610_i0","float","","",NA,NA,"Biological samples > Blood assays > NMR metabolomics","","","http://biobank.ctsu.ox.ac.uk/crystal/field.cgi?id=23610",NA,"","","Cholesterol to Total Lipids in IDL percentage | Instance 0","percent","p23610_i0","p23610","0","23610"
"227","participant","p23611_i0","float","","",NA,NA,"Biological samples > Blood assays > NMR metabolomics","","","http://biobank.ctsu.ox.ac.uk/crystal/field.cgi?id=23611",NA,"","","Cholesteryl Esters to Total Lipids in IDL percentage | Instance 0","percent","p23611_i0","p23611","0","23611"
"228","participant","p23612_i0","float","","",NA,NA,"Biological samples > Blood assays > NMR metabolomics","","","http://biobank.ctsu.ox.ac.uk/crystal/field.cgi?id=23612",NA,"","","Free Cholesterol to Total Lipids in IDL percentage | Instance 0","percent","p23612_i0","p23612","0","23612"
"229","participant","p23613_i0","float","","",NA,NA,"Biological samples > Blood assays > NMR metabolomics","","","http://biobank.ctsu.ox.ac.uk/crystal/field.cgi?id=23613",NA,"","","Triglycerides to Total Lipids in IDL percentage | Instance 0","percent","p23613_i0","p23613","0","23613"
"230","participant","p23614_i0","float","","",NA,NA,"Biological samples > Blood assays > NMR metabolomics","","","http://biobank.ctsu.ox.ac.uk/crystal/field.cgi?id=23614",NA,"","","Phospholipids to Total Lipids in Large LDL percentage | Instance 0","percent","p23614_i0","p23614","0","23614"
"231","participant","p23615_i0","float","","",NA,NA,"Biological samples > Blood assays > NMR metabolomics","","","http://biobank.ctsu.ox.ac.uk/crystal/field.cgi?id=23615",NA,"","","Cholesterol to Total Lipids in Large LDL percentage | Instance 0","percent","p23615_i0","p23615","0","23615"
"232","participant","p23616_i0","float","","",NA,NA,"Biological samples > Blood assays > NMR metabolomics","","","http://biobank.ctsu.ox.ac.uk/crystal/field.cgi?id=23616",NA,"","","Cholesteryl Esters to Total Lipids in Large LDL percentage | Instance 0","percent","p23616_i0","p23616","0","23616"
"233","participant","p23617_i0","float","","",NA,NA,"Biological samples > Blood assays > NMR metabolomics","","","http://biobank.ctsu.ox.ac.uk/crystal/field.cgi?id=23617",NA,"","","Free Cholesterol to Total Lipids in Large LDL percentage | Instance 0","percent","p23617_i0","p23617","0","23617"
"234","participant","p23618_i0","float","","",NA,NA,"Biological samples > Blood assays > NMR metabolomics","","","http://biobank.ctsu.ox.ac.uk/crystal/field.cgi?id=23618",NA,"","","Triglycerides to Total Lipids in Large LDL percentage | Instance 0","percent","p23618_i0","p23618","0","23618"
"235","participant","p23619_i0","float","","",NA,NA,"Biological samples > Blood assays > NMR metabolomics","","","http://biobank.ctsu.ox.ac.uk/crystal/field.cgi?id=23619",NA,"","","Phospholipids to Total Lipids in Medium LDL percentage | Instance 0","percent","p23619_i0","p23619","0","23619"
"236","participant","p23620_i0","float","","",NA,NA,"Biological samples > Blood assays > NMR metabolomics","","","http://biobank.ctsu.ox.ac.uk/crystal/field.cgi?id=23620",NA,"","","Cholesterol to Total Lipids in Medium LDL percentage | Instance 0","percent","p23620_i0","p23620","0","23620"
"237","participant","p23621_i0","float","","",NA,NA,"Biological samples > Blood assays > NMR metabolomics","","","http://biobank.ctsu.ox.ac.uk/crystal/field.cgi?id=23621",NA,"","","Cholesteryl Esters to Total Lipids in Medium LDL percentage | Instance 0","percent","p23621_i0","p23621","0","23621"
"238","participant","p23622_i0","float","","",NA,NA,"Biological samples > Blood assays > NMR metabolomics","","","http://biobank.ctsu.ox.ac.uk/crystal/field.cgi?id=23622",NA,"","","Free Cholesterol to Total Lipids in Medium LDL percentage | Instance 0","percent","p23622_i0","p23622","0","23622"
"239","participant","p23623_i0","float","","",NA,NA,"Biological samples > Blood assays > NMR metabolomics","","","http://biobank.ctsu.ox.ac.uk/crystal/field.cgi?id=23623",NA,"","","Triglycerides to Total Lipids in Medium LDL percentage | Instance 0","percent","p23623_i0","p23623","0","23623"
"240","participant","p23624_i0","float","","",NA,NA,"Biological samples > Blood assays > NMR metabolomics","","","http://biobank.ctsu.ox.ac.uk/crystal/field.cgi?id=23624",NA,"","","Phospholipids to Total Lipids in Small LDL percentage | Instance 0","percent","p23624_i0","p23624","0","23624"
"241","participant","p23625_i0","float","","",NA,NA,"Biological samples > Blood assays > NMR metabolomics","","","http://biobank.ctsu.ox.ac.uk/crystal/field.cgi?id=23625",NA,"","","Cholesterol to Total Lipids in Small LDL percentage | Instance 0","percent","p23625_i0","p23625","0","23625"
"242","participant","p23626_i0","float","","",NA,NA,"Biological samples > Blood assays > NMR metabolomics","","","http://biobank.ctsu.ox.ac.uk/crystal/field.cgi?id=23626",NA,"","","Cholesteryl Esters to Total Lipids in Small LDL percentage | Instance 0","percent","p23626_i0","p23626","0","23626"
"243","participant","p23627_i0","float","","",NA,NA,"Biological samples > Blood assays > NMR metabolomics","","","http://biobank.ctsu.ox.ac.uk/crystal/field.cgi?id=23627",NA,"","","Free Cholesterol to Total Lipids in Small LDL percentage | Instance 0","percent","p23627_i0","p23627","0","23627"
"244","participant","p23628_i0","float","","",NA,NA,"Biological samples > Blood assays > NMR metabolomics","","","http://biobank.ctsu.ox.ac.uk/crystal/field.cgi?id=23628",NA,"","","Triglycerides to Total Lipids in Small LDL percentage | Instance 0","percent","p23628_i0","p23628","0","23628"
"245","participant","p23629_i0","float","","",NA,NA,"Biological samples > Blood assays > NMR metabolomics","","","http://biobank.ctsu.ox.ac.uk/crystal/field.cgi?id=23629",NA,"","","Phospholipids to Total Lipids in Very Large HDL percentage | Instance 0","percent","p23629_i0","p23629","0","23629"
"246","participant","p23630_i0","float","","",NA,NA,"Biological samples > Blood assays > NMR metabolomics","","","http://biobank.ctsu.ox.ac.uk/crystal/field.cgi?id=23630",NA,"","","Cholesterol to Total Lipids in Very Large HDL percentage | Instance 0","percent","p23630_i0","p23630","0","23630"
"247","participant","p23631_i0","float","","",NA,NA,"Biological samples > Blood assays > NMR metabolomics","","","http://biobank.ctsu.ox.ac.uk/crystal/field.cgi?id=23631",NA,"","","Cholesteryl Esters to Total Lipids in Very Large HDL percentage | Instance 0","percent","p23631_i0","p23631","0","23631"
"248","participant","p23632_i0","float","","",NA,NA,"Biological samples > Blood assays > NMR metabolomics","","","http://biobank.ctsu.ox.ac.uk/crystal/field.cgi?id=23632",NA,"","","Free Cholesterol to Total Lipids in Very Large HDL percentage | Instance 0","percent","p23632_i0","p23632","0","23632"
"249","participant","p23633_i0","float","","",NA,NA,"Biological samples > Blood assays > NMR metabolomics","","","http://biobank.ctsu.ox.ac.uk/crystal/field.cgi?id=23633",NA,"","","Triglycerides to Total Lipids in Very Large HDL percentage | Instance 0","percent","p23633_i0","p23633","0","23633"
"250","participant","p23634_i0","float","","",NA,NA,"Biological samples > Blood assays > NMR metabolomics","","","http://biobank.ctsu.ox.ac.uk/crystal/field.cgi?id=23634",NA,"","","Phospholipids to Total Lipids in Large HDL percentage | Instance 0","percent","p23634_i0","p23634","0","23634"
"251","participant","p23635_i0","float","","",NA,NA,"Biological samples > Blood assays > NMR metabolomics","","","http://biobank.ctsu.ox.ac.uk/crystal/field.cgi?id=23635",NA,"","","Cholesterol to Total Lipids in Large HDL percentage | Instance 0","percent","p23635_i0","p23635","0","23635"
"252","participant","p23636_i0","float","","",NA,NA,"Biological samples > Blood assays > NMR metabolomics","","","http://biobank.ctsu.ox.ac.uk/crystal/field.cgi?id=23636",NA,"","","Cholesteryl Esters to Total Lipids in Large HDL percentage | Instance 0","percent","p23636_i0","p23636","0","23636"
"253","participant","p23637_i0","float","","",NA,NA,"Biological samples > Blood assays > NMR metabolomics","","","http://biobank.ctsu.ox.ac.uk/crystal/field.cgi?id=23637",NA,"","","Free Cholesterol to Total Lipids in Large HDL percentage | Instance 0","percent","p23637_i0","p23637","0","23637"
"254","participant","p23638_i0","float","","",NA,NA,"Biological samples > Blood assays > NMR metabolomics","","","http://biobank.ctsu.ox.ac.uk/crystal/field.cgi?id=23638",NA,"","","Triglycerides to Total Lipids in Large HDL percentage | Instance 0","percent","p23638_i0","p23638","0","23638"
"255","participant","p23639_i0","float","","",NA,NA,"Biological samples > Blood assays > NMR metabolomics","","","http://biobank.ctsu.ox.ac.uk/crystal/field.cgi?id=23639",NA,"","","Phospholipids to Total Lipids in Medium HDL percentage | Instance 0","percent","p23639_i0","p23639","0","23639"
"256","participant","p23640_i0","float","","",NA,NA,"Biological samples > Blood assays > NMR metabolomics","","","http://biobank.ctsu.ox.ac.uk/crystal/field.cgi?id=23640",NA,"","","Cholesterol to Total Lipids in Medium HDL percentage | Instance 0","percent","p23640_i0","p23640","0","23640"
"257","participant","p23641_i0","float","","",NA,NA,"Biological samples > Blood assays > NMR metabolomics","","","http://biobank.ctsu.ox.ac.uk/crystal/field.cgi?id=23641",NA,"","","Cholesteryl Esters to Total Lipids in Medium HDL percentage | Instance 0","percent","p23641_i0","p23641","0","23641"
"258","participant","p23642_i0","float","","",NA,NA,"Biological samples > Blood assays > NMR metabolomics","","","http://biobank.ctsu.ox.ac.uk/crystal/field.cgi?id=23642",NA,"","","Free Cholesterol to Total Lipids in Medium HDL percentage | Instance 0","percent","p23642_i0","p23642","0","23642"
"259","participant","p23643_i0","float","","",NA,NA,"Biological samples > Blood assays > NMR metabolomics","","","http://biobank.ctsu.ox.ac.uk/crystal/field.cgi?id=23643",NA,"","","Triglycerides to Total Lipids in Medium HDL percentage | Instance 0","percent","p23643_i0","p23643","0","23643"
"260","participant","p23644_i0","float","","",NA,NA,"Biological samples > Blood assays > NMR metabolomics","","","http://biobank.ctsu.ox.ac.uk/crystal/field.cgi?id=23644",NA,"","","Phospholipids to Total Lipids in Small HDL percentage | Instance 0","percent","p23644_i0","p23644","0","23644"
"261","participant","p23645_i0","float","","",NA,NA,"Biological samples > Blood assays > NMR metabolomics","","","http://biobank.ctsu.ox.ac.uk/crystal/field.cgi?id=23645",NA,"","","Cholesterol to Total Lipids in Small HDL percentage | Instance 0","percent","p23645_i0","p23645","0","23645"
"262","participant","p23646_i0","float","","",NA,NA,"Biological samples > Blood assays > NMR metabolomics","","","http://biobank.ctsu.ox.ac.uk/crystal/field.cgi?id=23646",NA,"","","Cholesteryl Esters to Total Lipids in Small HDL percentage | Instance 0","percent","p23646_i0","p23646","0","23646"
"263","participant","p23647_i0","float","","",NA,NA,"Biological samples > Blood assays > NMR metabolomics","","","http://biobank.ctsu.ox.ac.uk/crystal/field.cgi?id=23647",NA,"","","Free Cholesterol to Total Lipids in Small HDL percentage | Instance 0","percent","p23647_i0","p23647","0","23647"
"264","participant","p23648_i0","float","","",NA,NA,"Biological samples > Blood assays > NMR metabolomics","","","http://biobank.ctsu.ox.ac.uk/crystal/field.cgi?id=23648",NA,"","","Triglycerides to Total Lipids in Small HDL percentage | Instance 0","percent","p23648_i0","p23648","0","23648"
"265","participant","p30690_i0","float","","",NA,NA,"Biological samples > Blood assays > Blood biochemistry","","","http://biobank.ctsu.ox.ac.uk/crystal/field.cgi?id=30690",NA,"","","Cholesterol | Instance 0","mmol/L","p30690_i0","p30690","0","30690"
"266","participant","p30750_i0","float","","",NA,NA,"Biological samples > Blood assays > Blood biochemistry","","","http://biobank.ctsu.ox.ac.uk/crystal/field.cgi?id=30750",NA,"","","Glycated haemoglobin (HbA1c) | Instance 0","mmol/mol","p30750_i0","p30750","0","30750"
"267","participant","p30760_i0","float","","",NA,NA,"Biological samples > Blood assays > Blood biochemistry","","","http://biobank.ctsu.ox.ac.uk/crystal/field.cgi?id=30760",NA,"","","HDL cholesterol | Instance 0","mmol/L","p30760_i0","p30760","0","30760"
